{"cameraMode":{"drawMode":0,"name":"Shaded","section":"Shading Mode"},"sceneLighting":true,"audioPlay":false,"sceneViewState":{"m_AlwaysRefresh":false,"showFog":true,"showSkybox":true,"showFlares":true,"showImageEffects":true,"showParticleSystems":true,"showVisualEffectGraphs":true,"m_FxEnabled":true},"in2DMode":false,"pivot":{"x":0.16588115692138673,"y":0.9046444892883301,"z":-0.7180023193359375},"rotation":{"x":-0.06861481070518494,"y":0.9161320924758911,"z":-0.1783856451511383,"w":-0.3523847460746765},"size":6.612936496734619,"orthographic":false}